{"cameraMode":{"drawMode":0,"name":"Shaded","section":"Shading Mode"},"sceneLighting":true,"audioPlay":false,"sceneViewState":{"m_AlwaysRefresh":false,"showFog":true,"showSkybox":true,"showFlares":true,"showImageEffects":true,"showParticleSystems":true,"showVisualEffectGraphs":true,"m_FxEnabled":true},"in2DMode":false,"pivot":{"x":6.408334255218506,"y":2.9385483264923097,"z":-5.341822624206543},"rotation":{"x":0.010297851637005806,"y":-0.6754536032676697,"z":-0.009636174887418747,"w":-0.7374122142791748},"size":0.6879351139068604,"orthographic":false}