{"cameraMode":{"drawMode":0,"name":"Shaded","section":"Shading Mode"},"sceneLighting":true,"audioPlay":false,"sceneViewState":{"m_AlwaysRefresh":false,"showFog":true,"showSkybox":true,"showFlares":true,"showImageEffects":true,"showParticleSystems":true,"showVisualEffectGraphs":true,"m_FxEnabled":true},"in2DMode":false,"pivot":{"x":-4.222733974456787,"y":2.0461344718933107,"z":-6.454723358154297},"rotation":{"x":0.005944372620433569,"y":-0.6184601187705994,"z":0.0002229415695182979,"w":0.7865998148918152},"size":2.8456125259399416,"orthographic":false}